{"cameraMode":{"drawMode":0,"name":"Shaded","section":"Shading Mode"},"sceneLighting":true,"audioPlay":false,"sceneViewState":{"m_AlwaysRefresh":false,"showFog":true,"showSkybox":true,"showFlares":true,"showImageEffects":true,"showParticleSystems":true,"showVisualEffectGraphs":true,"m_FxEnabled":true},"in2DMode":false,"pivot":{"x":8.409758567810059,"y":15.055425643920899,"z":23.64657974243164},"rotation":{"x":-0.023051682859659196,"y":-0.5206311345100403,"z":0.014052296988666058,"w":-0.8533682823181152},"size":1.1328697204589844,"orthographic":false}