{"cameraMode":{"drawMode":0,"name":"Shaded","section":"Shading Mode"},"sceneLighting":true,"audioPlay":false,"sceneViewState":{"m_AlwaysRefresh":false,"showFog":true,"showSkybox":true,"showFlares":true,"showImageEffects":true,"showParticleSystems":true,"showVisualEffectGraphs":true,"m_FxEnabled":true},"in2DMode":false,"pivot":{"x":-39.98097229003906,"y":5.4403910636901859,"z":-41.9114875793457},"rotation":{"x":0.043451759964227679,"y":0.04045148938894272,"z":-0.001747581991367042,"w":0.9982513189315796},"size":1.1277904510498047,"orthographic":false}