{"cameraMode":{"drawMode":0,"name":"Shaded","section":"Shading Mode"},"sceneLighting":true,"audioPlay":false,"sceneViewState":{"m_AlwaysRefresh":false,"showFog":true,"showSkybox":true,"showFlares":true,"showImageEffects":true,"showParticleSystems":true,"showVisualEffectGraphs":true,"m_FxEnabled":true},"in2DMode":false,"pivot":{"x":-46.11201858520508,"y":1.5253558158874512,"z":-43.64762496948242},"rotation":{"x":0.2091667652130127,"y":-0.03959185630083084,"z":0.008475891314446926,"w":0.9770415425300598},"size":2.9735002517700197,"orthographic":false}