{"cameraMode":{"drawMode":0,"name":"Shaded","section":"Shading Mode"},"sceneLighting":true,"audioPlay":false,"sceneViewState":{"m_AlwaysRefresh":false,"showFog":true,"showSkybox":true,"showFlares":true,"showImageEffects":true,"showParticleSystems":true,"showVisualEffectGraphs":true,"m_FxEnabled":true},"in2DMode":false,"pivot":{"x":7.846113204956055,"y":3.697530746459961,"z":-37.59165573120117},"rotation":{"x":0.5224735736846924,"y":-0.019183089956641198,"z":0.011754523031413556,"w":0.8523715734481812},"size":13.181612014770508,"orthographic":false}