{"cameraMode":{"drawMode":0,"name":"Shaded","section":"Shading Mode"},"sceneLighting":true,"audioPlay":false,"sceneViewState":{"m_AlwaysRefresh":false,"showFog":true,"showSkybox":true,"showFlares":true,"showImageEffects":true,"showParticleSystems":true,"showVisualEffectGraphs":true,"m_FxEnabled":true},"in2DMode":false,"pivot":{"x":-6.110450744628906,"y":4.970674514770508,"z":-21.219449996948243},"rotation":{"x":0.017436161637306215,"y":0.5570719242095947,"z":-0.011701321229338646,"w":0.8302064538002014},"size":19.421953201293947,"orthographic":false}