{"cameraMode":{"drawMode":0,"name":"Shaded","section":"Shading Mode"},"sceneLighting":true,"audioPlay":false,"sceneViewState":{"m_AlwaysRefresh":false,"showFog":true,"showSkybox":true,"showFlares":true,"showImageEffects":true,"showParticleSystems":true,"showVisualEffectGraphs":true,"m_FxEnabled":true},"in2DMode":false,"pivot":{"x":9.144062042236329,"y":-46.099754333496097,"z":116.22416687011719},"rotation":{"x":0.2675464153289795,"y":0.020535483956336976,"z":-0.005702228285372257,"w":0.9633522629737854},"size":126.39507293701172,"orthographic":false}