{"cameraMode":{"drawMode":0,"name":"Shaded","section":"Shading Mode"},"sceneLighting":false,"audioPlay":false,"sceneViewState":{"m_AlwaysRefresh":false,"showFog":true,"showSkybox":false,"showFlares":true,"showImageEffects":true,"showParticleSystems":true,"showVisualEffectGraphs":true,"m_FxEnabled":true},"in2DMode":false,"pivot":{"x":-3.1203925609588625,"y":0.7370365858078003,"z":-22.537900924682618},"rotation":{"x":0.2287750244140625,"y":0.03824270889163017,"z":-0.008994566276669503,"w":0.9726883769035339},"size":1.3409875631332398,"orthographic":false}