{"cameraMode":{"drawMode":0,"name":"Shaded","section":"Shading Mode"},"sceneLighting":false,"audioPlay":false,"sceneViewState":{"m_AlwaysRefresh":false,"showFog":true,"showSkybox":false,"showFlares":true,"showImageEffects":true,"showParticleSystems":true,"showVisualEffectGraphs":true,"m_FxEnabled":true},"in2DMode":false,"pivot":{"x":0.10705092549324036,"y":-0.7325285077095032,"z":0.715904951095581},"rotation":{"x":0.29326727986335757,"y":-0.07133418321609497,"z":0.021948164328932763,"w":0.9531159996986389},"size":3.216200590133667,"orthographic":false}