{"cameraMode":{"drawMode":0,"name":"Shaded","section":"Shading Mode"},"sceneLighting":false,"audioPlay":false,"sceneViewState":{"m_AlwaysRefresh":false,"showFog":true,"showSkybox":false,"showFlares":true,"showImageEffects":true,"showParticleSystems":true,"showVisualEffectGraphs":true,"m_FxEnabled":true},"in2DMode":false,"pivot":{"x":-26.51272964477539,"y":1.3558939695358277,"z":-4.956060409545898},"rotation":{"x":0.2674236595630646,"y":0.03467964753508568,"z":-0.009631414897739888,"w":0.9629074335098267},"size":0.7239935398101807,"orthographic":false}